<?xml version="1.0" encoding="UTF-8"?>
<beans xmlns="http://www.springframework.org/schema/beans"
	xmlns:xsi="http://www.w3.org/2001/XMLSchema-instance"
	xmlns:ctx="http://www.springframework.org/schema/context"
	xmlns:task="http://www.springframework.org/schema/task"

	xsi:schemaLocation="http://www.springframework.org/schema/beans 
	http://www.springframework.org/schema/beans/spring-beans-2.5.xsd
	http://www.springframework.org/schema/context
	http://www.springframework.org/schema/context/spring-context-2.5.xsd 
	http://www.springframework.org/schema/task
    http://www.springframework.org/schema/task/spring-task-3.0.xsd">
	
	<ctx:annotation-config></ctx:annotation-config>
	<task:annotation-driven></task:annotation-driven>
	<ctx:component-scan base-package="com.cognizant.*"></ctx:component-scan>
	
	<bean class="org.springframework.web.servlet.view.InternalResourceViewResolver">
		<property name="prefix" value="/WEB-INF/jsp/"/>
		<property name="suffix" value=".jsp"/>
	</bean>
	<bean id="messageSource" 
	class="org.springframework.context.support.ReloadableResourceBundleMessageSource">   
    <property name="basenames">   
        <list>   
            <value>WEB-INF/resources/error</value>
            
        </list>   
    </property>   
</bean>

<bean id="drivermanagerdatasource" 
      class="org.springframework.jdbc.datasource.DriverManagerDataSource">
      <property name="driverClassName" value="oracle.jdbc.OracleDriver"/>
      <property name="url" value="jdbc:oracle:thin:@10.155.111.16:1521:XE"/>
      <property name="username" value="MMS"/>
      <property name="password" value="MMS"/>
      </bean>



<bean id="hibernate3AnnotatedSessionFactory"
		class="org.springframework.orm.hibernate3.annotation.AnnotationSessionFactoryBean">
		<property name="dataSource" ref="drivermanagerdatasource" />
		<property name="annotatedClasses">
			<list>
				<value>com.cognizant.entity.Admin</value>
				<value>com.cognizant.entity.BranchAdmin</value>
				<value>com.cognizant.entity.Medicine</value>
				<value>com.cognizant.entity.MedicineRequest</value>
			</list>
		</property>
		<property name="hibernateProperties">
			<props>
				<prop key="hibernate.dialect">org.hibernate.dialect.OracleDialect</prop>
				<prop key="hibernate.current_session_context_class">thread</prop>
				<prop key="hibernate.show_sql">true</prop>
				<prop key="hibernate.format_sql">true</prop>
				<prop key="hibernate.hbm2ddl.auto">update</prop>
			</props>
		</property>
		</bean>
		 <bean class = "org.springframework.web.servlet.handler.SimpleMappingExceptionResolver">
      <property name = "exceptionMappings">
         <props>
             <prop key = "com.cognizant.exception.SpringException">
              exception
            </prop>
         </props>
      </property>
      <property name = "defaultErrorView" value ="error"/>
   </bean>
	
	
	</beans>